index,CustomerID,CustomerName,Segment,Country,City,State,PostalCode,Region
0,CG-12520,Claire Gute,Consumer,United States,Henderson,Kentucky,42420,South
2,DV-13045,Darrin Van Huff,Corporate,United States,Los Angeles,California,90036,West
3,SO-20335,Sean O'Donnell,Consumer,United States,Fort Lauderdale,Florida,33311,South
5,BH-11710,Brosina Hoffman,Consumer,United States,Los Angeles,California,90032,West
12,AA-10480,Andrew Allen,Consumer,United States,Concord,North Carolina,28027,South
13,IM-15070,Irene Maddox,Consumer,United States,Seattle,Washington,98103,West
14,HP-14815,Harold Pawlan,Home Office,United States,Fort Worth,Texas,76106,Central
16,PK-19075,Pete Kriz,Consumer,United States,Madison,Wisconsin,53711,Central
17,AG-10270,Alejandro Grove,Consumer,United States,West Jordan,Utah,84084,West
18,ZD-21925,Zuschuss Donatelli,Consumer,United States,San Francisco,California,94109,West
21,KB-16585,Ken Black,Corporate,United States,Fremont,Nebraska,68025,Central
23,SF-20065,Sandra Flanagan,Consumer,United States,Philadelphia,Pennsylvania,19140,East
24,EB-13870,Emily Burns,Consumer,United States,Orem,Utah,84057,West
25,EH-13945,Eric Hoffmann,Consumer,United States,Los Angeles,California,90049,West
27,TB-21520,Tracy Blumstein,Consumer,United States,Philadelphia,Pennsylvania,19140,East
34,MA-17560,Matt Abelman,Home Office,United States,Houston,Texas,77095,Central
35,GH-14485,Gene Hale,Corporate,United States,Richardson,Texas,75080,Central
37,SN-20710,Steve Nguyen,Home Office,United States,Houston,Texas,77041,Central
41,LC-16930,Linda Cazamias,Corporate,United States,Naperville,Illinois,60540,Central
42,RA-19885,Ruben Ausman,Corporate,United States,Los Angeles,California,90049,West
43,ES-14080,Erin Smith,Corporate,United States,Melbourne,Florida,32935,South
44,ON-18715,Odella Nelson,Corporate,United States,Eagan,Minnesota,55122,Central
46,PO-18865,Patrick O'Donnell,Consumer,United States,Westland,Michigan,48185,Central
47,LH-16900,Lena Hernandez,Consumer,United States,Dover,Delaware,19901,East
49,DP-13000,Darren Powers,Consumer,United States,New Albany,Indiana,47150,Central
53,JM-15265,Janet Molinari,Corporate,United States,New York City,New York,10024,East
55,TB-21055,Ted Butterfield,Consumer,United States,Troy,New York,12180,East
62,KM-16720,Kunst Miller,Consumer,United States,Los Angeles,California,90004,West
66,PS-18970,Paul Stevenson,Home Office,United States,Chicago,Illinois,60610,Central
67,BS-11590,Brendan Sweed,Corporate,United States,Gilbert,Arizona,85234,West
69,KD-16270,Karen Daniels,Consumer,United States,Springfield,Virginia,22153,South
70,HM-14980,Henry MacAllister,Consumer,United States,New York City,New York,10009,East
72,JE-15745,Joel Eaton,Consumer,United States,Memphis,Tennessee,38109,South
75,KB-16600,Ken Brennan,Corporate,United States,Houston,Texas,77041,Central
79,SC-20770,Stewart Carmichael,Corporate,United States,Decatur,Alabama,35601,South
81,DN-13690,Duane Noonan,Consumer,United States,San Francisco,California,94122,West
83,JC-16105,Julie Creighton,Corporate,United States,Durham,North Carolina,27707,South
84,CS-12400,Christopher Schild,Home Office,United States,Chicago,Illinois,60623,Central
86,PG-18895,Paul Gonzalez,Consumer,United States,Rochester,Minnesota,55901,Central
88,GM-14455,Gary Mitchum,Home Office,United States,Houston,Texas,77095,Central
89,JS-15685,Jim Sink,Corporate,United States,Los Angeles,California,90036,West
92,KB-16315,Karl Braun,Consumer,United States,Minneapolis,Minnesota,55407,Central
95,RB-19705,Roger Barcio,Home Office,United States,Portland,Oregon,97206,West
96,PN-18775,Parhena Norris,Home Office,United States,New York City,New York,10009,East
97,KD-16345,Katherine Ducich,Consumer,United States,San Francisco,California,94122,West
98,ER-13855,Elpida Rittenbach,Corporate,United States,Saint Paul,Minnesota,55106,Central
99,RB-19465,Rick Bensley,Home Office,United States,Chicago,Illinois,60610,Central
102,GZ-14470,Gary Zandusky,Consumer,United States,Rochester,Minnesota,55901,Central
103,LC-16870,Lena Cacioppo,Consumer,United States,Aurora,Colorado,80013,West
106,JM-15250,Janet Martin,Consumer,United States,Charlotte,North Carolina,28205,South
109,PA-19060,Pete Armstrong,Home Office,United States,Orland Park,Illinois,60462,Central
110,CV-12805,Cynthia Voltz,Corporate,United States,New York City,New York,10035,East
111,CL-12565,Clay Ludtke,Consumer,United States,Urbandale,Iowa,50322,Central
113,RC-19960,Ryan Crowe,Consumer,United States,Columbus,Ohio,43229,East
117,DK-13090,Dave Kipp,Consumer,United States,Seattle,Washington,98103,West
118,GG-14650,Greg Guthrie,Corporate,United States,Bristol,Tennessee,37620,South
119,SC-20725,Steven Cartwright,Consumer,United States,Wilmington,Delaware,19805,East
124,AD-10180,Alan Dominguez,Home Office,United States,Houston,Texas,77041,Central
125,PF-19165,Philip Fox,Consumer,United States,Bloomington,Illinois,61701,Central
126,TS-21610,Troy Staebel,Consumer,United States,Phoenix,Arizona,85023,West
128,LS-16975,Lindsay Shagiari,Home Office,United States,Los Angeles,California,90004,West
130,DW-13585,Dorothy Wardle,Corporate,United States,Columbus,Ohio,43229,East
133,LC-16885,Lena Creighton,Consumer,United States,Roseville,California,95661,West
140,JD-15895,Jonathan Doherty,Corporate,United States,Philadelphia,Pennsylvania,19140,East
141,SH-19975,Sally Hughsby,Corporate,United States,San Francisco,California,94122,West
144,SG-20080,Sandra Glassco,Consumer,United States,Independence,Missouri,64055,Central
145,HA-14920,Helen Andreada,Consumer,United States,Pasadena,California,91104,West
146,MG-17680,Maureen Gastineau,Home Office,United States,Newark,Ohio,43055,East
147,JE-16165,Justin Ellison,Corporate,United States,Franklin,Wisconsin,53132,Central
151,TW-21025,Tamara Willingham,Home Office,United States,Scottsdale,Arizona,85254,West
153,SP-20650,Stephanie Phelps,Corporate,United States,San Jose,California,95123,West
156,NK-18490,Neil Knudson,Home Office,United States,Seattle,Washington,98105,West
157,DB-13060,Dave Brooks,Consumer,United States,Seattle,Washington,98115,West
158,NP-18670,Nora Paige,Consumer,United States,Edmond,Oklahoma,73034,Central
160,TT-21070,Ted Trevino,Consumer,United States,Los Angeles,California,90045,West
161,EM-13960,Eric Murdock,Consumer,United States,Philadelphia,Pennsylvania,19134,East
162,RD-19900,Ruben Dartt,Consumer,United States,Carlsbad,New Mexico,88220,West
163,MJ-17740,Max Jones,Consumer,United States,Seattle,Washington,98115,West
164,BM-11140,Becky Martin,Consumer,United States,San Antonio,Texas,78207,Central
171,CS-12130,Chad Sievert,Consumer,United States,Los Angeles,California,90004,West
174,JB-15400,Jennifer Braxton,Corporate,United States,Chicago,Illinois,60623,Central
176,SJ-20500,Shirley Jackson,Consumer,United States,Houston,Texas,77036,Central
179,JK-15640,Jim Kriz,Home Office,United States,New York City,New York,10009,East
180,DK-13150,David Kendrick,Corporate,United States,Decatur,Illinois,62521,Central
182,RM-19675,Robert Marley,Home Office,United States,Monroe,Louisiana,71203,South
185,SK-19990,Sally Knutson,Consumer,United States,Fairfield,Connecticut,6824,East
186,FM-14290,Frank Merwin,Home Office,United States,Los Angeles,California,90032,West
187,AM-10360,Alice McCarthy,Corporate,United States,Grand Prairie,Texas,75051,Central
189,MP-17470,Mark Packer,Home Office,United States,New York City,New York,10035,East
194,MZ-17515,Mary Zewe,Corporate,United States,Redlands,California,92374,West
195,CB-12025,Cassandra Brandow,Consumer,United States,Hamilton,Ohio,45011,East
197,VM-21685,Valerie Mitchum,Home Office,United States,Westfield,New Jersey,7090,East
198,FH-14365,Fred Hopkins,Corporate,United States,Philadelphia,Pennsylvania,19120,East
200,MB-17305,Maria Bertelson,Consumer,United States,Akron,Ohio,44312,East
201,BS-11755,Bruce Stewart,Consumer,United States,Denver,Colorado,80219,West
203,LC-17140,Logan Currie,Consumer,United States,Dallas,Texas,75220,Central
204,HK-14890,Heather Kirkland,Corporate,United States,Franklin,Tennessee,37064,South
205,LE-16810,Laurel Elliston,Consumer,United States,Whittier,California,90604,West
206,JH-15985,Joseph Holt,Consumer,United States,Saginaw,Michigan,48601,Central
211,MS-17980,Michael Stewart,Corporate,United States,Dallas,Texas,75220,Central
212,VW-21775,Victoria Wilson,Corporate,United States,Medina,Ohio,44256,East
217,JH-15910,Jonathan Howell,Consumer,United States,Los Angeles,California,90032,West
219,JB-15925,Joni Blumstein,Consumer,United States,Dublin,Ohio,43017,East
225,DS-13180,David Smith,Corporate,United States,Detroit,Michigan,48227,Central
228,VD-21670,Valerie Dominguez,Consumer,United States,Columbia,Tennessee,38401,South
230,EA-14035,Erin Ashbrook,Corporate,United States,Charlotte,North Carolina,28205,South
236,DB-13120,David Bremer,Corporate,United States,Santa Clara,California,95051,West
237,KL-16645,Ken Lonsdale,Consumer,United States,Chicago,Illinois,60610,Central
244,DW-13480,Dianna Wilson,Home Office,United States,Lakeville,Minnesota,55044,Central
249,LH-17155,Logan Haushalter,Consumer,United States,San Francisco,California,94109,West
250,KC-16540,Kelly Collister,Consumer,United States,San Diego,California,92037,West
252,DL-13315,Delfina Latchford,Consumer,United States,New York City,New York,10024,East
254,DR-12880,Dan Reichenbach,Corporate,United States,Chicago,Illinois,60623,Central
258,CC-12670,Craig Carreira,Consumer,United States,New York City,New York,10009,East
261,Dl-13600,Dorris liebe,Corporate,United States,Pasadena,Texas,77506,Central
262,SB-20290,Sean Braxton,Corporate,United States,Houston,Texas,77036,Central
264,RC-19825,Roy Collins,Consumer,United States,Chicago,Illinois,60610,Central
265,AH-10210,Alan Hwang,Consumer,United States,Brentwood,California,94513,West
266,CB-12535,Claudia Bergmann,Corporate,United States,Chapel Hill,North Carolina,27514,South
268,CA-12310,Christine Abelman,Corporate,United States,Cincinnati,Ohio,45231,East
270,KH-16690,Kristen Hastings,Corporate,United States,San Francisco,California,94110,West
274,BB-10990,Barry Blumstein,Corporate,United States,Inglewood,California,90301,West
276,AG-10495,Andrew Gjertsen,Corporate,United States,Philadelphia,Pennsylvania,19140,East
282,JO-15280,Jas O'Carroll,Consumer,United States,Los Angeles,California,90004,West
286,AH-10195,Alan Haines,Corporate,United States,Tamarac,Florida,33319,South
289,NZ-18565,Nick Zandusky,Home Office,United States,Columbus,Ohio,43229,East
293,KL-16555,Kelly Lampkin,Corporate,United States,Colorado Springs,Colorado,80906,West
304,AS-10225,Alan Schoenberger,Corporate,United States,New York City,New York,10024,East
306,CR-12625,Corey Roper,Home Office,United States,Lakewood,New Jersey,8701,East
308,SH-20395,Shahid Hopkins,Consumer,United States,Arlington,Virginia,22204,South
309,BP-11185,Ben Peterman,Corporate,United States,Arvada,Colorado,80004,West
313,TS-21205,Thomas Seio,Corporate,United States,Hackensack,New Jersey,7601,East
314,AG-10525,Andy Gerbode,Corporate,United States,Saint Petersburg,Florida,33710,South
316,SP-20860,Sung Pak,Corporate,United States,Philadelphia,Pennsylvania,19143,East
317,NM-18445,Nathan Mautz,Home Office,United States,New York City,New York,10024,East
322,FA-14230,Frank Atkinson,Corporate,United States,Long Beach,California,90805,West
323,GK-14620,Grace Kelly,Corporate,United States,Hesperia,California,92345,West
325,DJ-13510,Don Jones,Corporate,United States,Murfreesboro,Tennessee,37130,South
326,PO-18850,Patrick O'Brill,Consumer,United States,Philadelphia,Pennsylvania,19143,East
331,JL-15850,John Lucas,Consumer,United States,Philadelphia,Pennsylvania,19134,East
334,DB-13615,Doug Bickford,Consumer,United States,Los Angeles,California,90045,West
337,AC-10420,Alyssa Crouse,Corporate,United States,San Francisco,California,94122,West
345,CC-12550,Clay Cheatham,Consumer,United States,San Francisco,California,94122,West
346,TD-20995,Tamara Dahlen,Consumer,United States,Lowell,Massachusetts,1852,East
349,AB-10060,Adam Bellavance,Home Office,United States,New York City,New York,10009,East
354,JL-15505,Jeremy Lonsdale,Consumer,United States,New York City,New York,10035,East
359,VB-21745,Victoria Brennan,Corporate,United States,Columbus,Georgia,31907,South
361,KW-16435,Katrina Willman,Consumer,United States,New York City,New York,10009,East
365,JD-16060,Julia Dunbar,Consumer,United States,San Francisco,California,94109,West
366,MK-17905,Michael Kennedy,Corporate,United States,Manchester,Connecticut,6040,East
370,GT-14755,Guy Thornton,Consumer,United States,Harlingen,Texas,78550,Central
372,AG-10900,Arthur Gainer,Consumer,United States,Tucson,Arizona,85705,West
376,MM-18280,Muhammed MacIntyre,Corporate,United States,Quincy,Illinois,62301,Central
377,AR-10405,Allen Rosenblatt,Corporate,United States,Franklin,Massachusetts,2038,East
378,RA-19915,Russell Applegate,Consumer,United States,Houston,Texas,77095,Central
381,AS-10285,Alejandro Savely,Corporate,United States,San Francisco,California,94109,West
383,LA-16780,Laura Armstrong,Corporate,United States,Taylor,Michigan,48180,Central
384,DO-13435,Denny Ordway,Consumer,United States,Pembroke Pines,Florida,33024,South
386,DK-13225,Dean Katz,Corporate,United States,Philadelphia,Pennsylvania,19140,East
388,NG-18430,Nathan Gelder,Consumer,United States,Cincinnati,Ohio,45231,East
389,MV-18190,Mike Vittorini,Consumer,United States,New York City,New York,10009,East
391,JG-15115,Jack Garza,Consumer,United States,Des Moines,Washington,98198,West
393,BP-11095,Bart Pistole,Corporate,United States,Peoria,Illinois,61604,Central
394,VP-21730,Victor Preis,Home Office,United States,Las Vegas,Nevada,89115,West
395,SS-20140,Saphhira Shifley,Corporate,United States,Warwick,Rhode Island,2886,East
398,AG-10675,Anna Gayman,Consumer,United States,Houston,Texas,77036,Central
402,LF-17185,Luke Foster,Consumer,United States,Miami,Florida,33180,South
404,RF-19840,Roy Französisch,Consumer,United States,New York City,New York,10024,East
405,KH-16510,Keith Herrera,Consumer,United States,San Francisco,California,94110,West
414,KC-16675,Kimberly Carter,Corporate,United States,Seattle,Washington,98105,West
416,CJ-12010,Caroline Jumper,Consumer,United States,Huntington Beach,California,92646,West
417,PB-19150,Philip Brown,Consumer,United States,Los Angeles,California,90004,West
422,MP-17965,Michael Paige,Corporate,United States,Lawrence,Massachusetts,1841,East
424,NF-18385,Natalie Fritzler,Consumer,United States,Jackson,Mississippi,39212,South
427,SD-20485,Shirley Daniels,Home Office,United States,New Rochelle,New York,10801,East
428,KH-16630,Ken Heidel,Corporate,United States,San Antonio,Texas,78207,Central
429,RB-19795,Ross Baird,Home Office,United States,Gastonia,North Carolina,28052,South
434,MK-18160,Mike Kennedy,Consumer,United States,Jacksonville,Florida,32216,South
436,PO-19180,Philisse Overcash,Home Office,United States,Chicago,Illinois,60623,Central
438,BB-11545,Brenda Bowman,Corporate,United States,Houston,Texas,77070,Central
446,TB-21595,Troy Blackwell,Consumer,United States,Columbus,Indiana,47201,Central
447,RB-19360,Raymond Buch,Consumer,United States,Auburn,New York,13021,East
453,EB-13705,Ed Braxton,Corporate,United States,Akron,Ohio,44312,East
456,SC-20095,Sanjit Chand,Consumer,United States,Concord,California,94521,West
462,TN-21040,Tanja Norvell,Home Office,United States,Phoenix,Arizona,85023,West
467,JS-15940,Joni Sundaresam,Home Office,United States,Park Ridge,Illinois,60068,Central
470,MH-17785,Maya Herman,Corporate,United States,Lindenhurst,New York,11757,East
471,JP-15520,Jeremy Pistek,Consumer,United States,San Francisco,California,94110,West
478,JE-15475,Jeremy Ellison,Consumer,United States,Troy,New York,12180,East
479,JG-15805,John Grady,Corporate,United States,New York City,New York,10024,East
481,XP-21865,Xylona Preis,Consumer,United States,San Diego,California,92024,West
482,EM-14065,Erin Mull,Consumer,United States,New York City,New York,10024,East
484,MT-18070,Michelle Tran,Home Office,United States,Los Angeles,California,90045,West
487,SA-20830,Sue Ann Reed,Consumer,United States,Chicago,Illinois,60610,Central
488,CW-11905,Carl Weiss,Home Office,United States,Huntsville,Texas,77340,Central
491,AJ-10960,Astrea Jones,Consumer,United States,Rochester,New York,14609,East
493,SS-20590,Sonia Sunley,Consumer,United States,Seattle,Washington,98115,West
494,RO-19780,Rose O'Brian,Consumer,United States,Memphis,Tennessee,38109,South
495,MD-17350,Maribeth Dona,Consumer,United States,Fayetteville,Arkansas,72701,South
500,MY-17380,Maribeth Yedwab,Corporate,United States,Parker,Colorado,80134,West
506,CM-12385,Christopher Martinez,Consumer,United States,Atlanta,Georgia,30318,South
510,LS-17245,Lynn Smith,Consumer,United States,Gladstone,Missouri,64118,Central
513,BN-11515,Bradley Nguyen,Consumer,United States,Los Angeles,California,90049,West
519,DB-13210,Dean Braden,Consumer,United States,Houston,Texas,77041,Central
522,MC-17605,Matt Connell,Corporate,United States,Detroit,Michigan,48234,Central
525,BD-11605,Brian Dahlen,Consumer,United States,Lawrence,Massachusetts,1841,East
526,PH-18790,Patricia Hirasaki,Home Office,United States,Lakeland,Florida,33801,South
528,MG-18145,Mike Gockenbach,Consumer,United States,Philadelphia,Pennsylvania,19134,East
531,KB-16240,Karen Bern,Corporate,United States,Los Angeles,California,90036,West
532,JC-15340,Jasper Cacioppo,Consumer,United States,Los Angeles,California,90032,West
533,RL-19615,Rob Lucas,Consumer,United States,Montgomery,Alabama,36116,South
535,AA-10375,Allen Armold,Consumer,United States,Mesa,Arizona,85204,West
536,EP-13915,Emily Phan,Consumer,United States,Chicago,Illinois,60653,Central
538,DK-12985,Darren Koutras,Consumer,United States,Henderson,Kentucky,42420,South
540,BD-11500,Bradley Drucker,Consumer,United States,Green Bay,Wisconsin,54302,Central
542,LM-17065,Liz MacKendrick,Consumer,United States,Springfield,Ohio,45503,East
546,AS-10135,Adrian Shami,Home Office,United States,New York City,New York,10035,East
551,BD-11320,Bill Donatelli,Consumer,United States,San Francisco,California,94110,West
553,GT-14710,Greg Tran,Consumer,United States,Houston,Texas,77070,Central
555,AJ-10945,Ashley Jarboe,Consumer,United States,Wilmington,North Carolina,28403,South
556,OT-18730,Olvera Toch,Consumer,United States,Los Angeles,California,90045,West
559,LP-17080,Liz Pelletier,Consumer,United States,San Francisco,California,94110,West
561,CA-12775,Cynthia Arntzen,Consumer,United States,Tampa,Florida,33614,South
563,JF-15490,Jeremy Farry,Consumer,United States,Seattle,Washington,98105,West
565,FP-14320,Frank Preis,Consumer,United States,Los Angeles,California,90008,West
566,EB-13840,Ellis Ballard,Corporate,United States,Seattle,Washington,98105,West
570,JF-15415,Jennifer Ferguson,Consumer,United States,New York City,New York,10024,East
574,SF-20200,Sarah Foster,Consumer,United States,Marysville,Washington,98270,West
575,TG-21640,Trudy Glocke,Consumer,United States,Long Beach,California,90805,West
578,CS-11950,Carlos Soltero,Consumer,United States,Chicago,Illinois,60610,Central
580,CC-12145,Charles Crestani,Consumer,United States,Los Angeles,California,90004,West
581,DV-13465,Dianna Vittorini,Consumer,United States,Denver,Colorado,80219,West
586,BD-11725,Bruce Degenhardt,Consumer,United States,Richmond,Kentucky,40475,South
588,ZC-21910,Zuschuss Carroll,Consumer,United States,Salem,Oregon,97301,West
592,MS-17830,Melanie Seite,Consumer,United States,Laredo,Texas,78041,Central
594,LR-16915,Lena Radford,Consumer,United States,San Diego,California,92024,West
598,TP-21130,Theone Pippenger,Consumer,United States,Philadelphia,Pennsylvania,19134,East
599,CK-12205,Chloris Kastensmidt,Consumer,United States,Philadelphia,Pennsylvania,19120,East
602,AS-10240,Alan Shonely,Consumer,United States,Tampa,Florida,33614,South
607,AR-10510,Andrew Roberts,Consumer,United States,Philadelphia,Pennsylvania,19134,East
610,NB-18655,Nona Balk,Corporate,United States,Dallas,Texas,75217,Central
612,GD-14590,Giulietta Dortch,Corporate,United States,Philadelphia,Pennsylvania,19143,East
614,CK-12595,Clytie Kelty,Consumer,United States,Grove City,Ohio,43123,East
616,NG-18355,Nat Gilpin,Corporate,United States,New York City,New York,10011,East
621,CA-12265,Christina Anderson,Consumer,United States,Chicago,Illinois,60610,Central
622,SF-20965,Sylvia Foulston,Corporate,United States,Dearborn,Michigan,48126,Central
626,MO-17800,Meg O'Connel,Home Office,United States,New York City,New York,10009,East
627,AT-10735,Annie Thurman,Consumer,United States,Seattle,Washington,98115,West
630,FM-14380,Fred McMath,Consumer,United States,Aurora,Colorado,80013,West
635,DJ-13420,Denny Joy,Corporate,United States,Warner Robins,Georgia,31088,South
636,ME-17725,Max Engle,Consumer,United States,Aurora,Colorado,80013,West
640,JD-16150,Justin Deggeller,Corporate,United States,Minneapolis,Minnesota,55407,Central
641,JL-15835,John Lee,Consumer,United States,Mission Viejo,California,92691,West
643,SC-20305,Sean Christensen,Consumer,United States,Rochester Hills,Michigan,48307,Central
645,CC-12430,Chuck Clark,Home Office,United States,Columbus,Indiana,47201,Central
648,AR-10825,Anthony Rawles,Corporate,United States,Vancouver,Washington,98661,West
651,SR-20740,Steven Roelle,Home Office,United States,New York City,New York,10024,East
654,CR-12730,Craig Reiter,Consumer,United States,Columbus,Ohio,43229,East
657,EH-14125,Eugene Hildebrand,Home Office,United States,Aurora,Illinois,60505,Central
663,SP-20545,Sibella Parks,Corporate,United States,New York City,New York,10011,East
665,TH-21235,Tiffany House,Corporate,United States,Dallas,Texas,75081,Central
668,RP-19390,Resi Pölking,Consumer,United States,Cleveland,Ohio,44105,East
673,RB-19570,Rob Beeghly,Consumer,United States,Columbus,Indiana,47201,Central
676,CD-11980,Carol Darley,Consumer,United States,Tyler,Texas,75701,Central
680,DJ-13630,Doug Jacobs,Consumer,United States,New York City,New York,10024,East
683,GT-14635,Grant Thornton,Corporate,United States,Burlington,North Carolina,27217,South
685,MC-17845,Michael Chen,Consumer,United States,Jackson,Mississippi,39212,South
688,RA-19285,Ralph Arnett,Consumer,United States,New York City,New York,10035,East
689,NP-18325,Naresj Patel,Consumer,United States,Waynesboro,Virginia,22980,South
692,AB-10165,Alan Barnes,Consumer,United States,Los Angeles,California,90036,West
694,JO-15550,Jesus Ocampo,Home Office,United States,Chester,Pennsylvania,19013,East
703,JK-15370,Jay Kimmel,Consumer,United States,Long Beach,California,90805,West
704,BN-11470,Brad Norvell,Corporate,United States,Cary,North Carolina,27511,South
707,DP-13165,David Philippe,Consumer,United States,New York City,New York,10035,East
710,TH-21550,Tracy Hopkins,Home Office,United States,New York City,New York,10035,East
711,AP-10915,Arthur Prichep,Consumer,United States,Palm Coast,Florida,32137,South
712,RS-19765,Roland Schwarz,Corporate,United States,Mount Vernon,New York,10550,East
716,SV-20365,Seth Vernon,Consumer,United States,Dover,Delaware,19901,East
718,CK-12325,Christine Kargatis,Home Office,United States,Orem,Utah,84057,West
720,RD-19810,Ross DeVincentis,Home Office,United States,Los Angeles,California,90045,West
723,MR-17545,Mathew Reese,Home Office,United States,Philadelphia,Pennsylvania,19140,East
724,SC-20695,Steve Chapman,Corporate,United States,Hialeah,Florida,33012,South
725,JF-15355,Jay Fein,Consumer,United States,Austin,Texas,78745,Central
727,EG-13900,Emily Grady,Consumer,United States,Oceanside,New York,11572,East
732,DS-13030,Darrin Sayre,Home Office,United States,Seattle,Washington,98115,West
739,PO-19195,Phillina Ober,Home Office,United States,Naperville,Illinois,60540,Central
742,SS-20875,Sung Shariari,Consumer,United States,Dallas,Texas,75220,Central
748,PB-19105,Peter Bühler,Consumer,United States,Evanston,Illinois,60201,Central
749,RF-19735,Roland Fjeld,Consumer,United States,Trenton,Michigan,48183,Central
753,YC-21895,Yoseph Carroll,Corporate,United States,San Francisco,California,94110,West
756,DC-13285,Debra Catini,Consumer,United States,Cottage Grove,Minnesota,55016,Central
758,CP-12340,Christine Phan,Corporate,United States,New York City,New York,10009,East
759,BF-11020,Barry Französisch,Corporate,United States,Green Bay,Wisconsin,54302,Central
762,LH-17020,Lisa Hazard,Consumer,United States,Columbus,Ohio,43229,East
763,CS-12250,Chris Selesnick,Corporate,United States,Bossier City,Louisiana,71111,South
768,AJ-10795,Anthony Johnson,Corporate,United States,Saint Petersburg,Florida,33710,South
770,BV-11245,Benjamin Venier,Corporate,United States,Des Moines,Iowa,50315,Central
776,DL-12865,Dan Lawera,Consumer,United States,Cincinnati,Ohio,45231,East
781,BM-11785,Bryan Mills,Consumer,United States,Columbus,Ohio,43229,East
787,LT-17110,Liz Thompson,Consumer,United States,Lancaster,California,93534,West
792,JK-15730,Joe Kamberova,Consumer,United States,Asheville,North Carolina,28806,South
793,ES-14020,Erica Smith,Consumer,United States,San Francisco,California,94110,West
795,RH-19495,Rick Hansen,Consumer,United States,Rochester,Minnesota,55901,Central
799,CD-11920,Carlos Daly,Consumer,United States,Lake Elsinore,California,92530,West
800,HW-14935,Helen Wasserman,Corporate,United States,San Diego,California,92105,West
803,MC-18130,Mike Caudle,Corporate,United States,Monroe,Louisiana,71203,South
804,GM-14440,Gary McGarr,Consumer,United States,San Francisco,California,94122,West
813,PJ-19015,Pauline Johnson,Consumer,United States,Santa Ana,California,92704,West
815,BW-11110,Bart Watters,Corporate,United States,Milwaukee,Wisconsin,53209,Central
822,TR-21325,Toby Ritter,Consumer,United States,Belleville,New Jersey,7109,East
824,PG-18820,Patrick Gardner,Consumer,United States,San Francisco,California,94110,West
837,JL-15175,James Lanier,Home Office,United States,Columbia,Tennessee,38401,South
839,BM-11650,Brian Moss,Corporate,United States,New York City,New York,10035,East
842,EM-14095,Eudokia Martin,Corporate,United States,Los Angeles,California,90036,West
846,AF-10885,Art Foster,Consumer,United States,Louisville,Kentucky,40214,South
848,GA-14725,Guy Armstrong,Consumer,United States,Lorain,Ohio,44052,East
849,CK-12760,Cyma Kinney,Corporate,United States,Linden,New Jersey,7036,East
850,DP-13105,Dave Poirier,Corporate,United States,Salinas,California,93905,West
855,BK-11260,Berenike Kampe,Consumer,United States,New York City,New York,10035,East
858,SJ-20125,Sanjit Jacobs,Home Office,United States,New Brunswick,New Jersey,8901,East
860,CM-12445,Chuck Magee,Consumer,United States,San Francisco,California,94122,West
865,AJ-10780,Anthony Jacobs,Corporate,United States,Springfield,Virginia,22153,South
867,LS-16945,Linda Southworth,Corporate,United States,Philadelphia,Pennsylvania,19140,East
868,GP-14740,Guy Phonely,Corporate,United States,Lancaster,Pennsylvania,17602,East
869,PK-18910,Paul Knutson,Home Office,United States,Philadelphia,Pennsylvania,19143,East
872,SM-20005,Sally Matthias,Consumer,United States,New York City,New York,10009,East
878,AG-10765,Anthony Garverick,Home Office,United States,Philadelphia,Pennsylvania,19120,East
883,PM-19135,Peter McVee,Home Office,United States,Detroit,Michigan,48227,Central
884,LL-16840,Lauren Leatherbury,Consumer,United States,Rochester,New York,14609,East
885,JS-15595,Jill Stevenson,Corporate,United States,Los Angeles,California,90045,West
887,EL-13735,Ed Ludwig,Home Office,United States,Columbia,Maryland,21044,East
894,PC-18745,Pamela Coakley,Corporate,United States,San Francisco,California,94122,West
896,HL-15040,Hunter Lopez,Consumer,United States,Houston,Texas,77095,Central
897,MS-17365,Maribeth Schnelling,Consumer,United States,Detroit,Michigan,48227,Central
898,GB-14530,George Bell,Corporate,United States,Auburn,New York,13021,East
899,JR-16210,Justin Ritter,Corporate,United States,Springfield,Ohio,45503,East
909,BE-11335,Bill Eplett,Home Office,United States,Jackson,Michigan,49201,Central
912,SC-20050,Sample Company A,Home Office,United States,Norwich,Connecticut,6360,East
918,RW-19630,Rob Williams,Corporate,United States,Dallas,Texas,75220,Central
921,SE-20110,Sanjit Engle,Consumer,United States,New York City,New York,10009,East
924,AH-10075,Adam Hart,Corporate,United States,New York City,New York,10011,East
925,JM-15535,Jessica Myrick,Consumer,United States,Philadelphia,Pennsylvania,19143,East
927,JJ-15760,Joel Jenkins,Home Office,United States,Springfield,Virginia,22153,South
932,RK-19300,Ralph Kennedy,Consumer,United States,Philadelphia,Pennsylvania,19140,East
933,CG-12040,Catherine Glotzbach,Home Office,United States,Philadelphia,Pennsylvania,19120,East
938,RP-19270,Rachel Payne,Corporate,United States,Riverside,California,92503,West
940,KC-16255,Karen Carlisle,Corporate,United States,San Francisco,California,94110,West
952,KH-16360,Katherine Hughes,Consumer,United States,Philadelphia,Pennsylvania,19143,East
953,GH-14665,Greg Hansen,Consumer,United States,Round Rock,Texas,78664,Central
955,SW-20275,Scott Williamson,Consumer,United States,Jackson,Mississippi,39212,South
956,JA-15970,Joseph Airdo,Consumer,United States,Phoenix,Arizona,85023,West
959,DL-12925,Daniel Lacy,Consumer,United States,Oceanside,California,92054,West
960,LW-16990,Lindsay Williams,Corporate,United States,San Francisco,California,94110,West
961,TB-21190,Thomas Brumley,Home Office,United States,Fayetteville,Arkansas,72701,South
964,BS-11800,Bryan Spruell,Home Office,United States,New York City,New York,10011,East
978,RW-19690,Robert Waldorf,Consumer,United States,Wilmington,North Carolina,28403,South
981,TZ-21580,Tracy Zic,Consumer,United States,Louisville,Colorado,80027,West
984,AS-10630,Ann Steele,Home Office,United States,Pasadena,Texas,77506,Central
987,TS-21340,Toby Swindell,Consumer,United States,Houston,Texas,77041,Central
990,SL-20155,Sara Luxemburg,Home Office,United States,Jacksonville,Florida,32216,South
994,MW-18235,Mitch Willingham,Corporate,United States,Virginia Beach,Virginia,23464,South
996,RD-19585,Rob Dowd,Consumer,United States,Henderson,Kentucky,42420,South
1004,RA-19945,Ryan Akin,Consumer,United States,Murrieta,California,92563,West
1006,MT-17815,Meg Tillman,Consumer,United States,Scottsdale,Arizona,85254,West
1010,VG-21790,Vivek Gonzalez,Consumer,United States,San Diego,California,92037,West
1013,JS-15880,John Stevenson,Consumer,United States,Seattle,Washington,98103,West
1016,KM-16225,Kalyca Meade,Corporate,United States,New York City,New York,10011,East
1024,HR-14770,Hallie Redmond,Home Office,United States,Los Angeles,California,90045,West
1025,DE-13255,Deanra Eno,Home Office,United States,Springfield,Ohio,45503,East
1033,AG-10390,Allen Goldenen,Consumer,United States,Cincinnati,Ohio,45231,East
1037,JJ-15445,Jennifer Jackson,Consumer,United States,Los Angeles,California,90004,West
1038,JH-15430,Jennifer Halladay,Consumer,United States,Burlington,North Carolina,27217,South
1040,RD-19660,Robert Dilbeck,Home Office,United States,Saint Peters,Missouri,63376,Central
1041,MO-17500,Mary O'Rourke,Consumer,United States,New York City,New York,10035,East
1043,NS-18640,Noel Staavos,Corporate,United States,Chicago,Illinois,60610,Central
1050,DG-13300,Deirdre Greer,Corporate,United States,Philadelphia,Pennsylvania,19134,East
1053,NF-18595,Nicole Fjeld,Home Office,United States,New York City,New York,10009,East
1059,MG-17650,Matthew Grinstein,Home Office,United States,Philadelphia,Pennsylvania,19143,East
1061,TS-21160,Theresa Swint,Corporate,United States,Toledo,Ohio,43615,East
1067,BD-11620,Brian DeCherney,Consumer,United States,San Francisco,California,94122,West
1068,CM-12160,Charles McCrossin,Consumer,United States,Brownsville,Texas,78521,Central
1070,SN-20560,Skye Norling,Home Office,United States,Los Angeles,California,90008,West
1071,EH-14005,Erica Hernandez,Home Office,United States,Denver,Colorado,80219,West
1072,FO-14305,Frank Olsen,Consumer,United States,New York City,New York,10035,East
1073,MS-17710,Maurice Satty,Consumer,United States,Mesa,Arizona,85204,West
1076,CC-12100,Chad Cunningham,Home Office,United States,Columbus,Indiana,47201,Central
1077,DW-13540,Don Weiss,Consumer,United States,Seattle,Washington,98105,West
1080,BT-11395,Bill Tyler,Corporate,United States,Detroit,Michigan,48227,Central
1087,CY-12745,Craig Yedwab,Corporate,United States,Oakland,California,94601,West
1093,BT-11485,Brad Thomas,Home Office,United States,Clinton,Maryland,20735,East
1095,PS-19045,Penelope Sewall,Home Office,United States,Charlotte,North Carolina,28205,South
1098,PV-18985,Paul Van Hugh,Home Office,United States,San Francisco,California,94122,West
1104,NM-18520,Neoma Murray,Consumer,United States,Riverside,California,92503,West
1116,DL-13495,Dionis Lloyd,Corporate,United States,San Francisco,California,94110,West
1117,CS-12355,Christine Sundaresam,Consumer,United States,Roswell,Georgia,30076,South
1136,FH-14275,Frank Hawley,Corporate,United States,La Porte,Indiana,46350,Central
1146,NC-18340,Nat Carroll,Consumer,United States,Lansing,Michigan,48911,Central
1159,AA-10315,Alex Avila,Consumer,United States,Minneapolis,Minnesota,55407,Central
1161,LT-16765,Larry Tron,Consumer,United States,Escondido,California,92025,West
1162,AP-10720,Anne Pryor,Home Office,United States,New York City,New York,10035,East
1165,PM-18940,Paul MacIntyre,Consumer,United States,Jackson,Michigan,49201,Central
1176,AT-10435,Alyssa Tate,Home Office,United States,Los Angeles,California,90004,West
1179,CA-12055,Cathy Armstrong,Home Office,United States,Houston,Texas,77070,Central
1184,HR-14830,Harold Ryan,Corporate,United States,Seattle,Washington,98103,West
1188,BT-11530,Bradley Talbott,Home Office,United States,Los Angeles,California,90036,West
1205,LH-16750,Larry Hughes,Consumer,United States,Charlotte,North Carolina,28205,South
1206,SW-20755,Steven Ward,Corporate,United States,New York City,New York,10009,East
1212,SP-20620,Stefania Perrino,Corporate,United States,Philadelphia,Pennsylvania,19134,East
1220,BF-11170,Ben Ferrer,Home Office,United States,Los Angeles,California,90036,West
1231,KT-16480,Kean Thornton,Consumer,United States,Buffalo,New York,14215,East
1233,BG-11695,Brooke Gillingham,Corporate,United States,Cincinnati,Ohio,45231,East
1238,GM-14680,Greg Matthias,Consumer,United States,Seattle,Washington,98105,West
1244,EJ-14155,Eva Jacobs,Consumer,United States,Gulfport,Mississippi,39503,South
1245,NP-18700,Nora Preis,Consumer,United States,Fresno,California,93727,West
1253,MH-18115,Mick Hernandez,Home Office,United States,Chester,Pennsylvania,19013,East
1260,JR-15700,Jocasta Rupert,Consumer,United States,Jacksonville,Florida,32216,South
1261,SM-20950,Suzanne McNair,Corporate,United States,Greenville,North Carolina,27834,South
1263,CC-12220,Chris Cortes,Consumer,United States,La Porte,Indiana,46350,Central
1265,PF-19225,Phillip Flathmann,Consumer,United States,San Francisco,California,94122,West
1269,DC-12850,Dan Campbell,Consumer,United States,Florence,Alabama,35630,South
1277,BD-11770,Bryan Davis,Consumer,United States,Houston,Texas,77070,Central
1285,GM-14500,Gene McClure,Consumer,United States,Providence,Rhode Island,2908,East
1287,TB-21355,Todd Boyes,Corporate,United States,New York City,New York,10009,East
1295,JH-16180,Justin Hirsh,Consumer,United States,Pueblo,Colorado,81001,West
1296,EB-13975,Erica Bern,Corporate,United States,Fairfield,California,94533,West
1298,QJ-19255,Quincy Jones,Corporate,United States,Saint Paul,Minnesota,55106,Central
1302,TC-21535,Tracy Collins,Home Office,United States,Arlington,Virginia,22204,South
1303,CS-12460,Chuck Sachs,Consumer,United States,Columbus,Georgia,31907,South
1314,HG-14965,Henry Goldwyn,Corporate,United States,Los Angeles,California,90032,West
1318,LW-16825,Laurel Workman,Corporate,United States,Deltona,Florida,32725,South
1320,MC-17575,Matt Collins,Consumer,United States,Cincinnati,Ohio,45231,East
1322,LP-17095,Liz Preis,Consumer,United States,Murray,Kentucky,42071,South
1323,EB-14170,Evan Bailliet,Consumer,United States,Wilmington,North Carolina,28403,South
1324,GZ-14545,George Zrebassa,Corporate,United States,Lawrence,Massachusetts,1841,East
1327,CP-12085,Cathy Prescott,Corporate,United States,Norwich,Connecticut,6360,East
1328,FG-14260,Frank Gastineau,Home Office,United States,San Francisco,California,94110,West
1329,LD-17005,Lisa DeCherney,Consumer,United States,San Francisco,California,94109,West
1330,AB-10255,Alejandro Ballentine,Home Office,United States,Lorain,Ohio,44052,East
1332,MN-17935,Michael Nguyen,Consumer,United States,Dallas,Texas,75220,Central
1335,JR-15670,Jim Radford,Consumer,United States,Middletown,Connecticut,6457,East
1336,JF-15190,Jamie Frazer,Consumer,United States,Los Angeles,California,90008,West
1337,CM-12115,Chad McGuire,Consumer,United States,New York City,New York,10011,East
1340,AS-10045,Aaron Smayling,Corporate,United States,Jacksonville,North Carolina,28540,South
1350,BP-11290,Beth Paige,Consumer,United States,Evanston,Illinois,60201,Central
1357,ND-18370,Natalie DeCherney,Consumer,United States,Louisville,Kentucky,40214,South
1358,LB-16735,Larry Blacks,Consumer,United States,Fort Worth,Texas,76106,Central
1359,KT-16465,Kean Takahito,Consumer,United States,Los Angeles,California,90049,West
1360,HM-14860,Harry Marie,Corporate,United States,Philadelphia,Pennsylvania,19120,East
1363,AB-10600,Ann Blume,Corporate,United States,Tucson,Arizona,85705,West
1368,SZ-20035,Sam Zeldin,Home Office,United States,Pico Rivera,California,90660,West
1371,MG-17890,Michael Granlund,Home Office,United States,Clinton,Maryland,20735,East
1381,JK-16120,Julie Kriz,Home Office,United States,Aurora,Illinois,60505,Central
1382,PP-18955,Paul Prost,Home Office,United States,Smyrna,Georgia,30080,South
1393,YS-21880,Yana Sorensen,Corporate,United States,Burlington,North Carolina,27217,South
1400,KM-16375,Katherine Murray,Home Office,United States,Salem,Virginia,24153,South
1409,AB-10105,Adrian Barton,Consumer,United States,Phoenix,Arizona,85023,West
1413,HA-14905,Helen Abelman,Consumer,United States,New York City,New York,10024,East
1414,BT-11305,Beth Thompson,Home Office,United States,Costa Mesa,California,92627,West
1416,SV-20815,Stuart Van,Corporate,United States,Houston,Texas,77041,Central
1419,RW-19540,Rick Wilson,Corporate,United States,Mesa,Arizona,85204,West
1426,DK-12835,Damala Kotsonis,Corporate,United States,Salinas,California,93905,West
1435,ST-20530,Shui Tom,Consumer,United States,Parma,Ohio,44134,East
1441,MM-17920,Michael Moore,Consumer,United States,San Francisco,California,94110,West
1442,PW-19030,Pauline Webber,Corporate,United States,Richmond,Kentucky,40475,South
1443,SC-20440,Shaun Chance,Corporate,United States,Aurora,Colorado,80013,West
1450,TS-21085,Thais Sissman,Consumer,United States,Phoenix,Arizona,85023,West
1451,MC-17425,Mark Cousins,Corporate,United States,Mobile,Alabama,36608,South
1455,ME-17320,Maria Etezadi,Home Office,United States,Columbus,Georgia,31907,South
1458,NH-18610,Nicole Hansen,Corporate,United States,Irving,Texas,75061,Central
1461,MB-18085,Mick Brown,Consumer,United States,Vineland,New Jersey,8360,East
1464,KD-16495,Keith Dawkins,Corporate,United States,New York City,New York,10009,East
1472,KN-16390,Katherine Nockton,Corporate,United States,Los Angeles,California,90004,West
1474,NP-18685,Nora Pelletier,Home Office,United States,Niagara Falls,New York,14304,East
1477,CS-12505,Cindy Stewart,Consumer,United States,Thomasville,North Carolina,27360,South
1485,MS-17770,Maxwell Schwartz,Consumer,United States,New York City,New York,10035,East
1486,CM-12655,Corinna Mitchell,Home Office,United States,Los Angeles,California,90008,West
1489,Co-12640,Corey-Lock,Consumer,United States,Philadelphia,Pennsylvania,19143,East
1491,TS-21370,Todd Sumrall,Corporate,United States,New York City,New York,10035,East
1493,JW-15220,Jane Waco,Corporate,United States,Vancouver,Washington,98661,West
1495,JD-15790,John Dryer,Consumer,United States,Coppell,Texas,75019,Central
1504,PC-19000,Pauline Chand,Home Office,United States,Los Angeles,California,90004,West
1506,AR-10540,Andy Reiter,Consumer,United States,New York City,New York,10024,East
1515,AI-10855,Arianne Irving,Consumer,United States,Philadelphia,Pennsylvania,19120,East
1517,TB-21400,Tom Boeckenhauer,Consumer,United States,Seattle,Washington,98105,West
1520,PL-18925,Paul Lucas,Home Office,United States,Chicago,Illinois,60610,Central
1521,GH-14425,Gary Hwang,Consumer,United States,Tucson,Arizona,85705,West
1534,MP-18175,Mike Pelletier,Home Office,United States,Laguna Niguel,California,92677,West
1535,JM-15655,Jim Mitchum,Corporate,United States,Bridgeton,New Jersey,8302,East
1537,CL-11890,Carl Ludwig,Consumer,United States,Everett,Massachusetts,2149,East
1543,DB-13270,Deborah Brumfield,Home Office,United States,San Diego,California,92024,West
1551,IG-15085,Ivan Gibson,Consumer,United States,San Diego,California,92024,West
1553,BO-11425,Bobby Odegard,Consumer,United States,Richmond,Kentucky,40475,South
1555,AB-10150,Aimee Bixby,Consumer,United States,Long Beach,New York,11561,East
1556,JW-16075,Julia West,Consumer,United States,Philadelphia,Pennsylvania,19140,East
1559,EB-13750,Edward Becker,Corporate,United States,Seattle,Washington,98103,West
1562,SG-20470,Sheri Gordon,Consumer,United States,New York City,New York,10011,East
1563,CM-12190,Charlotte Melton,Consumer,United States,Philadelphia,Pennsylvania,19134,East
1566,AW-10840,Anthony Witt,Consumer,United States,Allen,Texas,75002,Central
1574,MC-18100,Mick Crebagga,Consumer,United States,El Paso,Texas,79907,Central
1576,TT-21460,Tonja Turnell,Home Office,United States,Aurora,Illinois,60505,Central
1589,VG-21805,Vivek Grady,Corporate,United States,Virginia Beach,Virginia,23464,South
1590,MY-18295,Muhammed Yedwab,Corporate,United States,Grapevine,Texas,76051,Central
1592,RD-19480,Rick Duston,Consumer,United States,Olympia,Washington,98502,West
1594,DP-13390,Dennis Pardue,Home Office,United States,Peoria,Illinois,61604,Central
1610,ML-17395,Marina Lichtenstein,Corporate,United States,Los Angeles,California,90008,West
1620,JC-15385,Jenna Caffey,Consumer,United States,Kent,Washington,98031,West
1624,JG-15160,James Galang,Consumer,United States,Los Angeles,California,90049,West
1627,MC-17275,Marc Crier,Consumer,United States,Lafayette,Louisiana,70506,South
1635,NW-18400,Natalie Webber,Consumer,United States,Tigard,Oregon,97224,West
1638,TB-21280,Toby Braunhardt,Consumer,United States,Washington,District of Columbia,20016,East
1642,BS-11380,Bill Stewart,Corporate,United States,Skokie,Illinois,60076,Central
1650,HH-15010,Hilary Holden,Corporate,United States,San Francisco,California,94110,West
1652,CD-12280,Christina DeMoss,Consumer,United States,Seattle,Washington,98105,West
1658,TH-21100,Thea Hendricks,Consumer,United States,Los Angeles,California,90045,West
1659,MM-18055,Michelle Moray,Consumer,United States,Seattle,Washington,98115,West
1663,NS-18505,Neola Schneider,Consumer,United States,Dallas,Texas,75217,Central
1671,RB-19645,Robert Barroso,Corporate,United States,North Las Vegas,Nevada,89031,West
1673,SW-20455,Shaun Weien,Consumer,United States,Suffolk,Virginia,23434,South
1676,EB-13930,Eric Barreto,Consumer,United States,San Francisco,California,94110,West
1682,PS-18760,Pamela Stobb,Consumer,United States,Los Angeles,California,90008,West
1690,HF-14995,Herbert Flentye,Consumer,United States,Indianapolis,Indiana,46203,Central
1692,HZ-14950,Henia Zydlo,Consumer,United States,Columbus,Ohio,43229,East
1703,CD-12790,Cynthia Delaney,Home Office,United States,San Diego,California,92037,West
1706,JK-15205,Jamie Kunitz,Consumer,United States,San Francisco,California,94122,West
1727,FM-14215,Filia McAdams,Corporate,United States,Dublin,Ohio,43017,East
1740,ED-13885,Emily Ducich,Home Office,United States,San Diego,California,92037,West
1748,DA-13450,Dianna Arnett,Home Office,United States,Houston,Texas,77095,Central
1751,JW-15955,Joni Wasserman,Consumer,United States,Oakland,California,94601,West
1758,RM-19375,Raymond Messe,Consumer,United States,Houston,Texas,77095,Central
1763,ML-17755,Max Ludwig,Home Office,United States,Suffolk,Virginia,23434,South
1767,CC-12685,Craig Carroll,Consumer,United States,Greensboro,North Carolina,27405,South
1783,JE-15610,Jim Epp,Corporate,United States,Milwaukee,Wisconsin,53209,Central
1787,RP-19855,Roy Phan,Corporate,United States,Kenosha,Wisconsin,53142,Central
1793,TB-21175,Thomas Boland,Corporate,United States,Houston,Texas,77041,Central
1794,BE-11455,Brad Eason,Home Office,United States,Olathe,Kansas,66062,Central
1799,JF-15565,Jill Fjeld,Consumer,United States,Dallas,Texas,75081,Central
1808,PB-19210,Phillip Breyer,Corporate,United States,Tulsa,Oklahoma,74133,Central
1812,BT-11680,Brian Thompson,Consumer,United States,Newark,Ohio,43055,East
1818,JL-15235,Janet Lee,Consumer,United States,Chicago,Illinois,60623,Central
1827,CH-12070,Cathy Hwang,Home Office,United States,Raleigh,North Carolina,27604,South
1828,ND-18460,Neil Ducich,Corporate,United States,Macon,Georgia,31204,South
1837,BF-10975,Barbara Fisher,Corporate,United States,Charlotte,North Carolina,28205,South
1841,KH-16330,Katharine Harms,Corporate,United States,Bowling Green,Kentucky,42104,South
1844,GW-14605,Giulietta Weimer,Consumer,United States,Seattle,Washington,98115,West
1863,NC-18625,Noah Childs,Corporate,United States,Aurora,Colorado,80013,West
1870,ME-18010,Michelle Ellison,Corporate,United States,San Francisco,California,94122,West
1873,BP-11230,Benjamin Patterson,Consumer,United States,Spokane,Washington,99207,West
1876,JC-15775,John Castell,Consumer,United States,San Antonio,Texas,78207,Central
1894,AS-10090,Adam Shillingsburg,Consumer,United States,Charlottesville,Virginia,22901,South
1896,AC-10450,Amy Cox,Consumer,United States,Minneapolis,Minnesota,55407,Central
1905,MD-17860,Michael Dominguez,Corporate,United States,Indianapolis,Indiana,46203,Central
1909,DB-13660,Duane Benoit,Consumer,United States,Oceanside,New York,11572,East
1913,EH-13990,Erica Hackney,Consumer,United States,Roswell,Georgia,30076,South
1919,EH-13765,Edward Hooks,Corporate,United States,Watertown,New York,13601,East
1922,SC-20230,Scot Coram,Corporate,United States,Arlington,Texas,76017,Central
1937,JE-15715,Joe Elijah,Consumer,United States,Broomfield,Colorado,80020,West
1946,AC-10615,Ann Chong,Corporate,United States,New York City,New York,10009,East
1972,JD-16015,Joy Daniels,Consumer,United States,Chicago,Illinois,60610,Central
1986,CB-12415,Christy Brittain,Consumer,United States,Columbus,Ohio,43229,East
1995,JS-16030,Joy Smith,Consumer,United States,Houston,Texas,77036,Central
2000,LW-17215,Luke Weiss,Consumer,United States,Pasadena,California,91104,West
2011,SC-20800,Stuart Calhoun,Consumer,United States,Houston,Texas,77041,Central
2013,AM-10705,Anne McFarland,Consumer,United States,Auburn,Alabama,36830,South
2020,RH-19510,Rick Huthwaite,Home Office,United States,Providence,Rhode Island,2908,East
2034,CT-11995,Carol Triggs,Consumer,United States,Rochester,Minnesota,55901,Central
2045,MC-17590,Matt Collister,Corporate,United States,Perth Amboy,New Jersey,8861,East
2070,CC-12610,Corey Catlett,Corporate,United States,Philadelphia,Pennsylvania,19134,East
2071,KA-16525,Kelly Andreada,Consumer,United States,Ontario,California,91761,West
2072,TC-20980,Tamara Chand,Corporate,United States,Seattle,Washington,98105,West
2076,BF-11080,Bart Folk,Consumer,United States,Baltimore,Maryland,21215,East
2090,MM-17260,Magdelene Morse,Consumer,United States,Wilmington,Delaware,19805,East
2102,AH-10120,Adrian Hane,Home Office,United States,Tucson,Arizona,85705,West
2105,BW-11200,Ben Wallace,Consumer,United States,Boynton Beach,Florida,33437,South
2117,SW-20245,Scot Wooten,Consumer,United States,Stockton,California,95207,West
2126,BS-11665,Brian Stugart,Consumer,United States,Philadelphia,Pennsylvania,19143,East
2129,RF-19345,Randy Ferguson,Corporate,United States,Dover,New Hampshire,3820,East
2133,WB-21850,William Brown,Consumer,United States,Philadelphia,Pennsylvania,19134,East
2136,TB-21625,Trudy Brown,Consumer,United States,Grand Prairie,Texas,75051,Central
2150,AF-10870,Art Ferguson,Consumer,United States,College Station,Texas,77840,Central
2151,RB-19435,Richard Bierner,Consumer,United States,Saint Louis,Missouri,63116,Central
2162,KF-16285,Karen Ferguson,Home Office,United States,Manteca,California,95336,West
2168,JH-15820,John Huston,Consumer,United States,Kent,Ohio,44240,East
2172,IL-15100,Ivan Liston,Consumer,United States,San Francisco,California,94122,West
2175,PB-18805,Patrick Bzostek,Home Office,United States,Salt Lake City,Utah,84106,West
2186,RH-19600,Rob Haberlin,Consumer,United States,Huntsville,Alabama,35810,South
2206,AW-10930,Arthur Wiediger,Home Office,United States,Aurora,Illinois,60505,Central
2209,ML-17410,Maris LaWare,Consumer,United States,Fairfield,Connecticut,6824,East
2217,DB-13555,Dorothy Badders,Corporate,United States,Jacksonville,Florida,32216,South
2218,MH-17620,Matt Hagelstein,Corporate,United States,San Francisco,California,94110,West
2221,DK-13375,Dennis Kane,Consumer,United States,Marion,Ohio,43302,East
2225,BT-11440,Bobby Trafton,Consumer,United States,Littleton,Colorado,80122,West
2231,DB-13405,Denny Blanton,Consumer,United States,La Porte,Indiana,46350,Central
2239,TG-21310,Toby Gnade,Consumer,United States,Los Angeles,California,90049,West
2242,BF-11005,Barry Franz,Home Office,United States,Pasadena,California,91104,West
2247,JM-16195,Justin MacKendrick,Consumer,United States,Los Angeles,California,90004,West
2259,MZ-17335,Maria Zettner,Home Office,United States,San Diego,California,92024,West
2261,MW-18220,Mitch Webber,Consumer,United States,New York City,New York,10035,East
2262,MV-17485,Mark Van Huff,Consumer,United States,Arlington,Virginia,22204,South
2266,SM-20320,Sean Miller,Home Office,United States,Monroe,North Carolina,28110,South
2267,TP-21415,Tom Prescott,Consumer,United States,Seattle,Washington,98115,West
2279,JK-15625,Jim Karlsson,Consumer,United States,Seattle,Washington,98115,West
2285,PJ-18835,Patrick Jones,Corporate,United States,Murfreesboro,Tennessee,37130,South
2289,RS-19420,Ricardo Sperren,Corporate,United States,Seattle,Washington,98115,West
2307,SV-20935,Susan Vittorini,Consumer,United States,New York City,New York,10009,East
2308,BC-11125,Becky Castell,Home Office,United States,Peoria,Arizona,85345,West
2313,EM-13825,Elizabeth Moffitt,Corporate,United States,Sioux Falls,South Dakota,57103,Central
2325,BM-11575,Brendan Murry,Corporate,United States,New York City,New York,10035,East
2328,KN-16705,Kristina Nunn,Home Office,United States,Fort Collins,Colorado,80525,West
2334,KW-16570,Kelly Williams,Consumer,United States,Clarksville,Tennessee,37042,South
2353,SC-20260,Scott Cohen,Corporate,United States,San Francisco,California,94122,West
2382,CV-12295,Christina VanderZanden,Consumer,United States,Fresno,California,93727,West
2389,SG-20605,Speros Goranitis,Consumer,United States,New York City,New York,10009,East
2407,TM-21010,Tamara Manning,Consumer,United States,San Francisco,California,94122,West
2411,EM-13810,Eleni McCrary,Corporate,United States,Los Angeles,California,90036,West
2416,ML-18040,Michelle Lonsdale,Corporate,United States,Albuquerque,New Mexico,87105,West
2421,CR-12580,Clay Rozendal,Home Office,United States,Elmhurst,Illinois,60126,Central
2432,AZ-10750,Annie Zypern,Consumer,United States,New York City,New York,10009,East
2437,PW-19240,Pierre Wener,Consumer,United States,Louisville,Colorado,80027,West
2460,SC-20380,Shahid Collister,Consumer,United States,Seattle,Washington,98115,West
2470,CM-11935,Carlos Meador,Consumer,United States,Fayetteville,North Carolina,28314,South
2477,GM-14695,Greg Maxwell,Corporate,United States,Los Angeles,California,90036,West
2489,TB-21250,Tim Brockman,Consumer,United States,New York City,New York,10024,East
2492,JM-15865,John Murray,Consumer,United States,Jamestown,New York,14701,East
2495,SC-20575,Sonia Cooley,Consumer,United States,Mishawaka,Indiana,46544,Central
2500,LS-17200,Luke Schmidt,Corporate,United States,Skokie,Illinois,60076,Central
2503,RR-19315,Ralph Ritter,Consumer,United States,San Francisco,California,94110,West
2512,DB-12910,Daniel Byrd,Home Office,United States,Tampa,Florida,33614,South
2524,TT-21220,Thomas Thornton,Consumer,United States,Houston,Texas,77041,Central
2535,LO-17170,Lori Olson,Corporate,United States,La Quinta,California,92253,West
2541,KD-16615,Ken Dana,Corporate,United States,Scottsdale,Arizona,85254,West
2542,NB-18580,Nicole Brennan,Corporate,United States,Philadelphia,Pennsylvania,19134,East
2565,BD-11635,Brian Derr,Consumer,United States,Bowling Green,Kentucky,42104,South
2572,CM-12235,Chris McAfee,Consumer,United States,Carrollton,Texas,75007,Central
2601,EN-13780,Edward Nazzal,Consumer,United States,New York City,New York,10035,East
2605,KN-16450,Kean Nguyen,Corporate,United States,Jacksonville,Florida,32216,South
2613,BO-11350,Bill Overfelt,Corporate,United States,Los Angeles,California,90045,West
2614,AG-10300,Aleksandra Gannaway,Corporate,United States,Los Angeles,California,90049,West
2622,MC-17635,Matthew Clasen,Corporate,United States,Saint Louis,Missouri,63116,Central
2623,TA-21385,Tom Ashbrook,Home Office,United States,New York City,New York,10024,East
2631,JF-15295,Jason Fortune-,Consumer,United States,Seattle,Washington,98103,West
2636,TT-21265,Tim Taslimi,Corporate,United States,Los Angeles,California,90045,West
2637,SB-20170,Sarah Bern,Consumer,United States,New York City,New York,10035,East
2662,CL-12700,Craig Leslie,Home Office,United States,Springfield,Missouri,65807,Central
2666,HG-15025,Hunter Glantz,Consumer,United States,Amarillo,Texas,79109,Central
2668,NL-18310,Nancy Lomonaco,Home Office,United States,Los Angeles,California,90045,West
2670,RR-19525,Rick Reed,Corporate,United States,Lowell,Massachusetts,1852,East
2674,TC-21295,Toby Carlisle,Consumer,United States,San Diego,California,92024,West
2677,SV-20785,Stewart Visinsky,Consumer,United States,Pueblo,Colorado,81001,West
2695,BE-11410,Bobby Elias,Consumer,United States,Lancaster,Ohio,43130,East
2716,SC-20680,Steve Carroll,Home Office,United States,Columbus,Georgia,31907,South
2723,DF-13135,David Flashing,Consumer,United States,Vallejo,California,94591,West
2729,FH-14350,Fred Harton,Consumer,United States,Seattle,Washington,98105,West
2742,MS-17530,MaryBeth Skach,Consumer,United States,San Diego,California,92037,West
2748,RH-19555,Ritsa Hightower,Consumer,United States,Tallahassee,Florida,32303,South
2752,GA-14515,George Ashbrook,Consumer,United States,San Francisco,California,94122,West
2758,JP-16135,Julie Prescott,Home Office,United States,Columbus,Georgia,31907,South
2760,Dp-13240,Dean percer,Home Office,United States,Murray,Utah,84107,West
2768,MO-17950,Michael Oakman,Consumer,United States,Dallas,Texas,75220,Central
2802,DL-13330,Denise Leinenbach,Consumer,United States,Las Cruces,New Mexico,88001,West
2806,MH-18025,Michelle Huthwaite,Consumer,United States,Seattle,Washington,98115,West
2815,DR-12940,Daniel Raglin,Home Office,United States,Franklin,Massachusetts,2038,East
2819,DM-13015,Darrin Martin,Consumer,United States,Encinitas,California,92024,West
2833,CA-11965,Carol Adams,Corporate,United States,Hoover,Alabama,35244,South
2842,AC-10660,Anna Chung,Consumer,United States,Huntsville,Texas,77340,Central
2847,DM-13345,Denise Monton,Corporate,United States,Roswell,Georgia,30076,South
2851,VF-21715,Vicky Freymann,Home Office,United States,Columbus,Indiana,47201,Central
2857,CC-12370,Christopher Conant,Consumer,United States,Fayetteville,North Carolina,28314,South
2870,BF-11275,Beth Fritzler,Corporate,United States,Tucson,Arizona,85705,West
2890,HG-14845,Harry Greene,Consumer,United States,Lake Charles,Louisiana,70601,South
2926,BP-11155,Becky Pak,Consumer,United States,Columbus,Georgia,31907,South
2949,EM-14140,Eugene Moren,Home Office,United States,Glendale,Arizona,85301,West
2956,MA-17995,Michelle Arnett,Home Office,United States,Watertown,New York,13601,East
2962,AY-10555,Andy Yotov,Corporate,United States,Oceanside,California,92054,West
2979,GB-14575,Giulietta Baptist,Consumer,United States,Philadelphia,Pennsylvania,19134,East
2985,JB-16045,Julia Barnett,Home Office,United States,Columbus,Georgia,31907,South
3004,MG-17875,Michael Grace,Home Office,United States,New York City,New York,10011,East
3010,SR-20425,Sharelle Roach,Home Office,United States,Louisville,Colorado,80027,West
3023,JB-16000,Joy Bell-,Consumer,United States,Brownsville,Texas,78521,Central
3030,DM-12955,Dario Medina,Corporate,United States,Lincoln Park,Michigan,48146,Central
3048,TC-21475,Tony Chapman,Home Office,United States,Columbus,Georgia,31907,South
3053,SW-20350,Sean Wendt,Home Office,United States,Detroit,Michigan,48227,Central
3061,RE-19450,Richard Eichhorn,Consumer,United States,Dallas,Texas,75081,Central
3064,BF-11215,Benjamin Farhat,Home Office,United States,Albuquerque,New Mexico,87105,West
3079,KB-16405,Katrina Bavinger,Home Office,United States,Apple Valley,California,92307,West
3101,JG-15310,Jason Gross,Corporate,United States,Providence,Rhode Island,2908,East
3104,EC-14050,Erin Creighton,Consumer,United States,New York City,New York,10024,East
3126,EB-14110,Eugene Barchas,Consumer,United States,Philadelphia,Pennsylvania,19134,East
3132,JP-15460,Jennifer Patt,Corporate,United States,Oceanside,New York,11572,East
3145,CS-11845,Cari Sayre,Corporate,United States,Seattle,Washington,98105,West
3155,GH-14410,Gary Hansen,Home Office,United States,Glendale,Arizona,85301,West
3160,PT-19090,Pete Takahito,Consumer,United States,Houston,Texas,77070,Central
3193,JL-15130,Jack Lebron,Consumer,United States,Houston,Texas,77036,Central
3199,AH-10030,Aaron Hawkins,Corporate,United States,Philadelphia,Pennsylvania,19134,East
3236,CC-12475,Cindy Chapman,Consumer,United States,New York City,New York,10024,East
3238,DW-13195,David Wiener,Corporate,United States,Houston,Texas,77095,Central
3243,SJ-20215,Sarah Jordon,Consumer,United States,Grand Prairie,Texas,75051,Central
3251,BG-11740,Bruce Geld,Consumer,United States,Philadelphia,Pennsylvania,19120,East
3259,LB-16795,Laurel Beltran,Home Office,United States,Highland Park,Illinois,60035,Central
3260,CM-11815,Candace McMahon,Corporate,United States,Pasadena,Texas,77506,Central
3267,EH-14185,Evan Henry,Consumer,United States,Decatur,Alabama,35601,South
3319,TS-21505,Tony Sayre,Consumer,United States,Columbia,Tennessee,38401,South
3334,PR-18880,Patrick Ryan,Consumer,United States,Oakland,California,94601,West
3365,LC-17050,Liz Carlisle,Consumer,United States,Mission Viejo,California,92691,West
3377,CS-12490,Cindy Schnelling,Corporate,United States,Conroe,Texas,77301,Central
3398,DH-13075,Dave Hallsten,Corporate,United States,Richmond,Kentucky,40475,South
3444,JO-15145,Jack O'Briant,Corporate,United States,Philadelphia,Pennsylvania,19140,East
3446,AH-10690,Anna Häberlin,Corporate,United States,New York City,New York,10024,East
3463,HJ-14875,Heather Jas,Home Office,United States,Jacksonville,Florida,32216,South
3469,MH-17455,Mark Hamilton,Consumer,United States,Jacksonville,North Carolina,28540,South
3502,RD-19930,Russell D'Ascenzo,Consumer,United States,Austin,Texas,78745,Central
3505,SC-20020,Sam Craven,Consumer,United States,Plano,Texas,75023,Central
3525,SU-20665,Stephanie Ulpright,Home Office,United States,Jackson,Mississippi,39212,South
3572,FC-14335,Fred Chung,Corporate,United States,Mesquite,Texas,75150,Central
3601,RB-19330,Randy Bradley,Consumer,United States,Philadelphia,Pennsylvania,19143,East
3611,NC-18535,Nick Crebassa,Corporate,United States,Dallas,Texas,75217,Central
3631,DB-12970,Darren Budd,Corporate,United States,Los Angeles,California,90004,West
3701,MF-17665,Maureen Fritzler,Corporate,United States,Toledo,Ohio,43615,East
3734,RM-19750,Roland Murray,Consumer,United States,New York City,New York,10011,East
3736,VM-21835,Vivian Mathis,Consumer,United States,Newark,Delaware,19711,East
3794,EJ-13720,Ed Jacobs,Consumer,United States,San Diego,California,92037,West
3800,NC-18415,Nathan Cano,Consumer,United States,Jacksonville,North Carolina,28540,South
3831,LS-17230,Lycoris Saunders,Consumer,United States,Dover,Delaware,19901,East
3841,KE-16420,Katrina Edelman,Corporate,United States,Bristol,Tennessee,37620,South
3851,DH-13675,Duane Huffman,Home Office,United States,Quincy,Massachusetts,2169,East
3880,PF-19120,Peter Fuller,Consumer,United States,Gilbert,Arizona,85234,West
3903,VT-21700,Valerie Takahito,Home Office,United States,Philadelphia,Pennsylvania,19143,East
3943,MG-17695,Maureen Gnade,Consumer,United States,Buffalo,New York,14215,East
3970,SP-20920,Susan Pistek,Consumer,United States,Los Angeles,California,90036,West
3988,CS-12175,Charles Sheldon,Corporate,United States,Columbia,Tennessee,38401,South
3994,DK-12895,Dana Kaydos,Consumer,United States,Kenosha,Wisconsin,53142,Central
4005,KM-16660,Khloe Miller,Consumer,United States,Roswell,Georgia,30076,South
4020,AA-10645,Anna Andreadi,Consumer,United States,Chester,Pennsylvania,19013,East
4106,DD-13570,Dorothy Dickinson,Consumer,United States,Houston,Texas,77041,Central
4160,AH-10465,Amy Hunt,Consumer,United States,New York City,New York,10035,East
4164,TP-21565,Tracy Poddar,Corporate,United States,Aurora,Colorado,80013,West
4175,EK-13795,Eileen Kiefer,Home Office,United States,Santa Ana,California,92704,West
4181,CR-12820,Cyra Reiten,Home Office,United States,New York City,New York,10035,East
4186,SG-20890,Susan Gilcrest,Corporate,United States,Mcallen,Texas,78501,Central
4210,AH-10585,Angele Hood,Consumer,United States,Chicago,Illinois,60623,Central
4236,NF-18475,Neil Französisch,Home Office,United States,Rockford,Illinois,61107,Central
4250,BS-11365,Bill Shonely,Corporate,United States,New York City,New York,10011,East
4270,SH-20635,Stefanie Holloman,Corporate,United States,Jackson,Tennessee,38301,South
4333,RD-19720,Roger Demir,Consumer,United States,Daytona Beach,Florida,32114,South
4352,AG-10330,Alex Grayson,Consumer,United States,Stockton,California,95207,West
4498,GR-14560,Georgia Rosenberg,Corporate,United States,San Francisco,California,94110,West
4509,VS-21820,Vivek Sundaresam,Consumer,United States,Los Angeles,California,90036,West
4542,TM-21490,Tony Molinari,Consumer,United States,Oklahoma City,Oklahoma,73120,Central
4583,TS-21430,Tom Stivers,Corporate,United States,Los Angeles,California,90045,West
4647,DB-13360,Dennis Bolton,Home Office,United States,New York City,New York,10009,East
4721,NR-18550,Nick Radford,Consumer,United States,Aurora,Illinois,60505,Central
4768,CS-11860,Cari Schnelling,Consumer,United States,Jacksonville,North Carolina,28540,South
4794,MF-18250,Monica Federle,Corporate,United States,Los Angeles,California,90036,West
4819,LW-17125,Liz Willingham,Consumer,United States,Norwich,Connecticut,6360,East
4925,AR-10345,Alex Russell,Corporate,United States,Lawrence,Massachusetts,1841,East
4935,KS-16300,Karen Seio,Corporate,United States,Lehi,Utah,84043,West
4961,AB-10015,Aaron Bergman,Consumer,United States,Seattle,Washington,98103,West
5008,LR-17035,Lisa Ryan,Corporate,United States,Philadelphia,Pennsylvania,19134,East
5017,SS-20410,Shahid Shariari,Consumer,United States,Los Angeles,California,90008,West
5082,JM-15580,Jill Matthias,Consumer,United States,Monroe,North Carolina,28110,South
5342,JK-15325,Jason Klamczynski,Corporate,United States,Dallas,Texas,75220,Central
5381,DM-13525,Don Miller,Corporate,United States,Houston,Texas,77070,Central
5400,ML-18265,Muhammed Lee,Consumer,United States,Seattle,Washington,98103,West
5427,MH-17290,Marc Harrigan,Home Office,United States,Los Angeles,California,90036,West
5430,FC-14245,Frank Carlisle,Home Office,United States,Lakewood,Ohio,44107,East
5502,TH-21115,Thea Hudgings,Corporate,United States,Philadelphia,Pennsylvania,19140,East
5530,JK-16090,Juliana Krohn,Consumer,United States,Omaha,Nebraska,68104,Central
5596,SB-20185,Sarah Brown,Consumer,United States,Concord,New Hampshire,3301,East
5609,BG-11035,Barry Gonzalez,Consumer,United States,Monroe,Louisiana,71203,South
5757,BW-11065,Barry Weirich,Consumer,United States,Raleigh,North Carolina,27604,South
5788,MG-18205,Mitch Gastineau,Corporate,United States,Jacksonville,Florida,32216,South
5837,DO-13645,Doug O'Connell,Consumer,United States,Los Angeles,California,90036,West
5887,BP-11050,Barry Pond,Corporate,United States,Cranston,Rhode Island,2920,East
6050,TS-21655,Trudy Schmidt,Consumer,United States,Milwaukee,Wisconsin,53209,Central
6129,EM-14200,Evan Minnotte,Home Office,United States,Virginia Beach,Virginia,23464,South
6133,AO-10810,Anthony O'Donnell,Corporate,United States,Los Angeles,California,90045,West
6170,MH-17440,Mark Haberlin,Corporate,United States,New York City,New York,10035,East
6497,SS-20515,Shirley Schmidt,Home Office,United States,Louisville,Kentucky,40214,South
6505,LD-16855,Lela Donovan,Corporate,United States,Chicago,Illinois,60653,Central
6622,VP-21760,Victoria Pisteka,Corporate,United States,San Francisco,California,94109,West
6755,TC-21145,Theresa Coyne,Corporate,United States,Lakewood,New Jersey,8701,East
6790,IM-15055,Ionia McGrath,Consumer,United States,Roseville,California,95661,West
6956,AR-10570,Anemone Ratner,Consumer,United States,Columbus,Georgia,31907,South
7545,CM-12715,Craig Molinari,Corporate,United States,Huntsville,Texas,77340,Central
7653,FW-14395,Fred Wasserman,Corporate,United States,Huntsville,Alabama,35810,South
8085,LC-16960,Lindsay Castell,Home Office,United States,Arlington,Virginia,22204,South
8175,HE-14800,Harold Engle,Corporate,United States,Chicago,Illinois,60623,Central
8485,BD-11560,Brendan Dodson,Home Office,United States,Fresno,California,93727,West
8536,HD-14785,Harold Dahlen,Home Office,United States,Philadelphia,Pennsylvania,19143,East
8666,CJ-11875,Carl Jackson,Corporate,United States,Philadelphia,Pennsylvania,19140,East
9209,RS-19870,Roy Skaria,Home Office,United States,Burlington,Iowa,52601,Central
9399,SC-20845,Sung Chung,Consumer,United States,Arlington Heights,Illinois,60004,Central
9441,RE-19405,Ricardo Emerson,Consumer,United States,Kent,Ohio,44240,East
9558,SM-20905,Susan MacKendrick,Consumer,United States,Newark,Ohio,43055,East
